<?xml version="1.0"?>
<doc>
    <assembly>
        <name>CustomMessageBox</name>
    </assembly>
    <members>
        <member name="T:CustomMessageBox.MsgBox">
            <summary>
            A customizable Dialog box with 3 buttons, custom icon, and checkbox.
            </summary>
        </member>
        <member name="F:CustomMessageBox.MsgBox.components">
            <summary>
            Required designer variable.
            </summary>
        </member>
        <member name="M:CustomMessageBox.MsgBox.Dispose(System.Boolean)">
            <summary>
            Clean up any resources being used.
            </summary>
            <param name="disposing">true if managed resources should be disposed; otherwise, false.</param>
        </member>
        <member name="M:CustomMessageBox.MsgBox.InitializeComponent">
            <summary>
            Required method for Designer support - do not modify
            the contents of this method with the code editor.
            </summary>
        </member>
        <member name="M:CustomMessageBox.MsgBox.#ctor(System.String,System.String)">
            <summary>
            Create a new instance of the dialog box with a message and title.
            </summary>
            <param name="message">Message text.</param>
            <param name="title">Dialog Box title.</param>
        </member>
        <member name="M:CustomMessageBox.MsgBox.#ctor(System.String,System.String,System.Windows.Forms.MessageBoxIcon)">
            <summary>
            Create a new instance of the dialog box with a message and title and a standard windows messagebox icon.
            </summary>
            <param name="message">Message text.</param>
            <param name="title">Dialog Box title.</param>
            <param name="icon">Standard system messagebox icon.</param>
        </member>
        <member name="M:CustomMessageBox.MsgBox.#ctor(System.String,System.String,System.Drawing.Icon)">
            <summary>
            Create a new instance of the dialog box with a message and title and a custom windows icon.
            </summary>
            <param name="message">Message text.</param>
            <param name="title">Dialog Box title.</param>
            <param name="icon">Custom icon.</param>
        </member>
        <member name="M:CustomMessageBox.MsgBox.getMessageBoxIcon(System.Windows.Forms.MessageBoxIcon)">
            <summary>
            Get system icon for MessageBoxIcon.
            </summary>
            <param name="icon">The MessageBoxIcon value.</param>
            <returns>SystemIcon type Icon.</returns>
        </member>
        <member name="F:CustomMessageBox.MsgBox.m_minWidth">
            <summary>
            Min set width.
            </summary>
        </member>
        <member name="F:CustomMessageBox.MsgBox.m_minHeight">
            <summary>
            Min set height.
            </summary>
        </member>
        <member name="M:CustomMessageBox.MsgBox.SetMinSize(System.Int32,System.Int32)">
            <summary>
            Sets the min size of the dialog box. If the text or button row needs more size then the dialog box will size to fit the text.
            </summary>
            <param name="width">Min width value.</param>
            <param name="height">Min height value.</param>
        </member>
        <member name="M:CustomMessageBox.MsgBox.SetButtons(System.String[])">
            <summary>
            Create up to 3 buttons with no DialogResult values.
            </summary>
            <param name="names">Array of button names. Must of length 1-3.</param>
        </member>
        <member name="M:CustomMessageBox.MsgBox.SetButtons(System.String[],System.Windows.Forms.DialogResult[])">
            <summary>
            Create up to 3 buttons with given DialogResult values.
            </summary>
            <param name="names">Array of button names. Must of length 1-3.</param>
            <param name="results">Array of DialogResult values. Must be same length as names.</param>
        </member>
        <member name="M:CustomMessageBox.MsgBox.SetButtons(System.String[],System.Windows.Forms.DialogResult[],System.Int32)">
            <summary>
            Create up to 3 buttons with given DialogResult values.
            </summary>
            <param name="names">Array of button names. Must of length 1-3.</param>
            <param name="results">Array of DialogResult values. Must be same length as names.</param>
            <param name="def">Default Button number. Must be 1-3.</param>
        </member>
        <member name="F:CustomMessageBox.MsgBox.m_minButtonRowWidth">
            <summary>
            The min required width of the button and checkbox row. Sum of button widths + checkbox width + margins.
            </summary>
        </member>
        <member name="M:CustomMessageBox.MsgBox.setButtonParams(System.Windows.Forms.Button,System.String,System.Int32,System.Windows.Forms.DialogResult)">
            <summary>
            Sets button text and returns the width.
            </summary>
            <param name="btn">Button object.</param>
            <param name="text">Text of the button.</param>
            <param name="tab">TabIndex of the button.</param>
            <param name="dr">DialogResult of the button.</param>
            <returns>Width of the button.</returns>
        </member>
        <member name="M:CustomMessageBox.MsgBox.SetCheckbox(System.String)">
            <summary>
            Enables the checkbox. By default the checkbox is unchecked.
            </summary>
            <param name="text">Text of the checkbox.</param>
        </member>
        <member name="M:CustomMessageBox.MsgBox.SetCheckbox(System.String,System.Boolean)">
            <summary>
            Enables the checkbox and the default checked state.
            </summary>
            <param name="text">Text of the checkbox.</param>
            <param name="chcked">Default checked state of the box.</param>
        </member>
        <member name="M:CustomMessageBox.MsgBox.setDialogSize">
            <summary>
            Auto fits the dialog box to fit the text and the buttons.
            </summary>
        </member>
        <member name="M:CustomMessageBox.MsgBox.setButtonRowLocations">
            <summary>
            Sets the buttons and checkboxe location.
            </summary>
        </member>
        <member name="F:CustomMessageBox.MsgBox.m_sysIcon">
            <summary>
            The icon to paint.
            </summary>
        </member>
        <member name="M:CustomMessageBox.MsgBox.OnPaint(System.Windows.Forms.PaintEventArgs)">
            <summary>
            Paint the System Icon in the top left corner.
            </summary>
            <param name="e"></param>
        </member>
        <member name="P:CustomMessageBox.MsgBox.CheckboxChecked">
            <summary>
            If visible checkbox was checked.
            </summary>
        </member>
        <member name="P:CustomMessageBox.MsgBox.DialogBoxResult">
            <summary>
            Gets the button that was pressed.
            </summary>
        </member>
    </members>
</doc>
